States,Market,Type,Link
AK,"Anchorage, AK",Code Violation,https://www.muni.org/Departments/OCPD/development-services/permits-inspections/pages/default.aspx
AL,"Jefferson County, AL",Code Violation,https://permits.jccal.org/CitizenAccess/Cap/CapApplyDisclaimer.aspx?module=Enforcement&TabName=Enforcement&TabList=Home%7C0%7CESDPermits%7C1%7CBuilding%7C2%7CPlanning%7C3%7CLicenses%7C4%7CEnforcement%7C5%7CCurrentTabIndex%7C5
AR,"Little Rock, AR",Foreclosures,https://pulaskiclerkar.gov/news-events/auction-notices/
AZ,"Mesa, AZ",Code Violation,https://data.mesaaz.gov/
AZ,"Maricopa County, AZ",Probates,https://www.superiorcourt.maricopa.gov/docket/calendar/
AZ,"Pinal County, AZ","Liens, Probates, Pre-Foreclosures, Bankruptcy, and Divorce",https://acclaim.pinalcountyaz.gov/AcclaimWeb/Search/Disclaimer?st=/AcclaimWeb/search/SearchTypeDocType
AZ,"Glendale, AZ",Code Violation,https://hub.arcgis.com/maps/8026de93be8147d2aa2941c3e7ceed97
AZ,"Pima County, AZ","Liens, Probates, Pre-Foreclosures, Bankruptcy, and Divorce",https://pimacountyaz-web.tylerhost.net/web/search/DOCSEARCH55S8
CA,"Los Angeles, CA",Code Violation,https://data.lacity.org/City-Infrastructure-Service-Requests/Building-and-Safety-Code-Enforcement-Case/2uz8-3tj3
CA,"San Diego, CA",Code Violation,https://www.sandiego.gov/development-services
CA,"Chula Vista, CA",Fire Damaged Properties,https://permits.chulavistaca.gov/CitizenAccess/Cap/CapHome.aspx?module=Fire&TabName=Fire
CA,"Fresno, CA",Code Violation,https://aca-prod.accela.com/FRESNO/Login.aspx?ReturnUrl=%2fFRESNO%2fCap%2fCapHome.aspx%3fmodule%3dEnforcement%26TabName%3dEnforcement%26TabList%3dHome%257C0%257CBuilding%257C1%257CDPUDPW%257C2%257CPlanning%257C3%257CEnforcement%257C4%257CCannabis%257C5%257CFire%257C6%257CParks%257C7%257CCurrentTabIndex%257C4
CA,"Fresno County, CA",Fire Damaged Properties,https://aca-prod.accela.com/FRESNO/Login.aspx?ReturnUrl=%2fFRESNO%2fCap%2fCapHome.aspx%3fmodule%3dFire%26TabName%3dFire%26TabList%3dHome%257C0%257CBuilding%257C1%257CDPUDPW%257C2%257CPlanning%257C3%257CEnforcement%257C4%257CCannabis%257C5%257CFire%257C6%257CParks%257C7%257CCurrentTabIndex%257C6
CA,"San Bernardino County, CA",Code Violation,https://ezop.sbcounty.gov/CitizenAccess/Cap/CapHome.aspx?module=Enforcement&TabName=Enforcement&TabList=Home%7C0%7CPlanning%7C1%7CFire%7C2%7CBuilding%7C3%7CEnforcement%7C4%7CFilm%7C5%7CPublicWorks%7C6%7CCurrentTabIndex%7C4
CA,"San Bernardino, CA",Fire Damaged Properties,https://ezop.sbcounty.gov/CitizenAccess/Cap/CapHome.aspx?module=Fire&TabName=Fire&TabList=Home%7C0%7CPlanning%7C1%7CFire%7C2%7CBuilding%7C3%7CEnforcement%7C4%7CFilm%7C5%7CPublicWorks%7C6%7CCurrentTabIndex%7C2
CA,"Placer County, CA",Code Violation,https://hub.arcgis.com/datasets/ef7447d4efc2439a8a96727509fa57c5_4/explore
CO,"Eagle County, CO","Liens, Probates, Pre-Foreclosures, Bankruptcy, and Divorce",https://acclaim.eaglecounty.us/AcclaimWeb/search/SearchTypeDocType
CT,"Hartford, CT",Code Violation,https://data.hartford.gov/datasets/7cf59bd708a94395be61954d6f430e3f_1/explore
FL,"Miami, FL",Code Violation,https://www.miamidade.gov/Apps/RER/RegulationSupportWebViewer/
FL,"Osceola County, FL",Code Violation,https://permits.osceola.org/CitizenAccess/Cap/CapHome.aspx?module=Enforcement&TabName=Enforcement&TabList=Home%7C0%7CBuilding%7C1%7CDevReview%7C2%7CEnforcement%7C3%7CFire%7C4%7CLicenses%7C5%7CPlanning%7C6%7CPublicWorks%7C7%7CZoning%7C8%7CE911%7C9%7CCurrentTabIndex%7C3
FL,"Charlotte County, FL",Code Violation,https://aca-prod.accela.com/BOCC/Cap/CapHome.aspx?module=CodeEnforcement&TabName=CodeEnforcement
FL,"Cape Coral, FL",Code Violation,https://energovweb.capecoral.gov/EnerGovProd/selfservice#/home
FL,"Brevard County, FL",Code Violation,https://acaweb.brevardcounty.us/citizenaccess/
FL,"Polk County, FL",Code Violation,https://aca-prod.accela.com/POLKCO/Default.aspx
FL,"Tampa, FL",Code Violation,https://aca-prod.accela.com/HCFL/Cap/CapHome.aspx?module=Enforcement&TabName=Enforcement
FL,"Palm Beach County, FL","Liens, Probates, Pre-Foreclosures, Bankruptcy, and Divorce",https://erec.mypalmbeachclerk.com/search/index?theme=.blue&section=searchCriteriaDocuments&quickSearchSelection=
FL,"Indian River County, FL","Liens, Probates, Pre-Foreclosures, Bankruptcy, and Divorce",https://ori.indian-river.org/search/index?theme=.blue&section=searchCriteriaDocuments&quickSearchSelection=
FL,"Hendry County, FL",Liens,https://www.myfloridacounty.com/orisearch/26
FL,"Highlands County, FL","Liens, Probates, Pre-Foreclosures, Bankruptcy, and Divorce",https://acclaim.hcclerk.org/search/SearchTypeDocType
FL,"Duval County, FL","Liens, Probates, Pre-Foreclosures, Bankruptcy, and Divorce",https://oncore.duvalclerk.com/
FL,"Santa Rosa County, FL","Liens, Probates, Pre-Foreclosures, Bankruptcy, and Divorce",https://acclaim.srccol.com/AcclaimWeb/
FL,"Broward County, FL","Liens, Probates, Pre-Foreclosures, Bankruptcy, and Divorce",https://officialrecords.broward.org/AcclaimWeb/
FL,"Martin County, FL","Liens, Probates, Pre-Foreclosures, Bankruptcy, and Divorce",https://or.martinclerk.com/LandmarkWeb/search/index?theme=.blue&section=searchCriteriaDocuments&quickSearchSelection=
FL,"Volusia County, FL","Liens, Probates, Pre-Foreclosures, Bankruptcy, and Divorce",https://ccms.clerk.org/inquiry.aspx
FL,"Seminole County, FL","Liens, Probates, Pre-Foreclosures, Bankruptcy, and Divorce",https://courtrecords.seminoleclerk.org/civil/
FL,"Bay County, FL","Liens, Probates, Pre-Foreclosures, Bankruptcy, and Divorce",https://records2.baycoclerk.com/Recording/search/index?theme=.blue&section=searchCriteriaDocuments&quickSearchSelection=
FL,"Alachua County, FL","Liens, Probates, Pre-Foreclosures, Bankruptcy, and Divorce",https://isol.alachuaclerk.org/RealEstate/SearchResults.aspx
GA,"Johns Creek, GA",Code Violation,https://datahub.johnscreekga.gov/search?q=code
GA,"Atlanta, GA",Code Violation,https://aca-prod.accela.com/ATLANTA_GA/Cap/CapHome.aspx?module=Enforcement&TabName=Enforcement
GA,"Cobb County, GA",Code Violation,https://cobbca.cobbcounty.org/CitizenAccess/Default.aspx
GA,"Augusta, GA","Liens, Probates, Pre-Foreclosures, Bankruptcy, and Divorce",https://cityofaugustaga.nextrequest.com/
ID,"Boise, ID",Code Violation,https://permits.cityofboise.org/CitizenAccess/Cap/CapHome.aspx?module=Enforcement&TabName=Enforcement
IL,"Chicago, IL",Code Violation,https://www.chicago.gov/city/en/depts/bldgs/provdrs/inspect/svcs/building_violationsonline.html
IN,"Indianapolis, IN",Code Violation,https://aca-prod.accela.com/INDY/Cap/CapHome.aspx?module=Enforcement&TabName=Enforcement
IN,"South Bend, IN",Code Violation,https://hub.arcgis.com/datasets/ff1172d09ae94928b1e3b9c47d3eec8f_50/explore?location=41.672229%2C-86.259027%2C13.30
KS,Kansas,"Liens, Probates, Pre-Foreclosures, Bankruptcy, and Divorce",https://prodportal.kscourts.org/prodportal
KY,"Louisville, KY",Code Violation,https://data.louisvilleky.gov/
LA,"New Orleans, LA",Code Violation,https://data.nola.gov/Housing-Land-Use-and-Blight/Code-Enforcement-All-Violations/3ehi-je3s/about_data
MA,"Boston, MA",Code Violation,https://data.boston.gov/dataset/public-works-violations/resource/90ed3816-5e70-443c-803d-9a71f44470be
MA,"Springfield, MA",Probates,https://www.mass.gov/locations/hampden-probate-and-family-court
MD,"Howard County, MD",Code Violation,https://dilp.howardcountymd.gov/CitizenAccess/Login.aspx?ReturnUrl=%2fCitizenAccess%2fCap%2fCapHome.aspx%3fmodule%3dEnforcement%26TabName%3dEnforcement%26TabList%3dHOME%257C0%257CBuilding%257C1%257CFire%257C2%257CLicenses%257C3%257CEnforcement%257C4%257CCurrentTabIndex%257C4
MD,"Montgomery County, MD",Code Violation,https://catalog.data.gov/dataset/housing-code-violations
MI,"Grand Rapids, MI",Code Violation,https://inspections.grcity.us/CitizenAccess/Cap/CapHome.aspx?module=Enforcement&TabName=Enforcement&TabList=Home%7C0%7CPermits%7C1%7CRegistration%7C2%7CPlanning%7C3%7CEconomic%7C4%7CEnforcement%7C5%7CGrants%7C6%7CBusiness%7C7%7CCurrentTabIndex%7C5
MI,"Wayne County, MI","Liens, Probates, Pre-Foreclosures, Bankruptcy, and Divorce",https://cmspublic.3rdcc.org/default.aspx
MO,"Kansas City, MO",Code Violation,https://data.kcmo.org/Neighborhoods/Property-Violations-from-EnerGov/vq3e-m9ge/about_data
MO,"Springfield, MO",Code Violation,https://ecity.springfieldmo.gov/lookup-record
NC,"Harrisburg, NC",Code Violation,https://citizenaccess.cabarruscounty.us/CitizenAccess/Cap/CapHome.aspx?module=Enforcement&TabName=ENFORCEMENT&TabList=HOME%7C0%7CPLANNING%7C1%7CPERMITS%7C2%7CENFORCEMENT%7C3%7CCOC_Planning%7C4%7CHB_Permits%7C5%7CCurrentTabIndex%7C3
NC,"Greensboro, NC",Code Violation,https://hub.arcgis.com/datasets/eb7330c8600540d6972b7e094565baff_3/explore
NC,"Fayettville, NC",Code Violation,https://data.fayettevillenc.gov/datasets/7f54119874a341379735f56db9e04ec3_0/explore?location=36.342921%2C-98.419400%2C6.33&showTable=true
NC,"Wake County, NC",Code Violation,https://data-wake.opendata.arcgis.com/datasets/code-cases-past-90-days/explore
NE,Nebraska,Tax Delinquency,https://revenue.nebraska.gov/PAD/real-property/nebraska-delinquent-real-property-list
NJ,"Somerset County, NJ","Liens, Probates, Pre-Foreclosures, Bankruptcy, and Divorce",https://liveacclaim.co.somerset.nj.us/AcclaimWeb/
NJ,"Bergen County, NJ","Liens, Probates, Pre-Foreclosures, Bankruptcy, and Divorce",https://bclrs.co.bergen.nj.us/browserview/
NM,"Bernalillo County, NM",Code Violation,https://aca-prod.accela.com/BERNCO/Cap/CapHome.aspx?module=Building&globalsearch=true
NV,"Las Vegas, NV",Code Violation,http://us-city.census.okfn.org/dataset/code-enforcement.html
NY,"New York City, NY",Code Violation,https://data.cityofnewyork.us/City-Government/OATH-Hearings-Division-Case-Status/jz4z-kudi
NY,"Syracuse, NY",Code Violation,https://hub.arcgis.com/datasets/107745f070b049feb38273a7ab200487_0/explore
NY,"Albany, NY","Liens, Probates, Pre-Foreclosures, Bankruptcy, and Divorce",https://www.searchiqs.com/nyalb/SearchAdvancedMP.aspx
NY,"Buffalo, NY",Code Violation,https://data.buffalony.gov/browse?tags=housing+violation
OH,"Columbus, OH",Code Violation,https://portal.columbus.gov/Permits/Cap/CapHome.aspx?module=Enforcement&TabName=Enforcement
OH,"Toldeo, OH",Probates,https://eaccess.lucas-co-probate-ct.org/eservices/search.page.3?x=c4HCtvTeCzIPcV0ctdV2hg
OH,"Putnam County, OH","Liens, Probates, Pre-Foreclosures, Bankruptcy, and Divorce",https://acclaim.putnamcountyrecorder.com/AcclaimWeb/Search/Disclaimer?st=/AcclaimWeb/search/SearchTypeDocType
OH,"Montgomery County, Ohio","Liens, Probates, Pre-Foreclosures, Bankruptcy, and Divorce",https://pro.mcohio.org/
OH,"Summit County, OH","Liens, Probates, Pre-Foreclosures, Bankruptcy, and Divorce",https://search.summitohioprobate.com/eservices/search.page.3?x=ObKZ2TBdhbHUk6Zlw6p07w
OK,"Oklahoma City, OK",Fire Damaged Properties,https://access.okc.gov/aca/Cap/CapHome.aspx?module=Fire&TabName=Fire
OR,"Portland, OR",Code Violation,https://www.portland.gov/ppd/code-enforcement/open-code-enforcement-cases
PA,"Philadelphia, PA",Code Violation,https://opendataphilly.org/datasets/?category=real-estate-land-records
PA,"Pittsburgh, PA",Code Violation,https://data.wprdc.org/dataset/pittsburgh-pli-violations-report
PA,"Allengheny County, PA",Liens,https://catalog.data.gov/dataset/allegheny-county-tax-liens-filings-satisfactions-and-current-status
PA,Pennsylvania,"Liens, Probates, Pre-Foreclosures, Bankruptcy, and Divorce",https://ujsportal.pacourts.us/CaseSearch
RI,"Providence, RI",Code Violation,https://www.providenceri.gov/inspection/search-rhode-island-lead-property-violation-and-license-records/
SC,"Horry County, SC","Liens, Probates, Pre-Foreclosures, Bankruptcy, and Divorce",https://acclaimweb.horrycounty.org/acclaimweb
SC,"Clarendon County, SC","Liens, Probates, Pre-Foreclosures, Bankruptcy, and Divorce",https://acclaimprod.clarendoncountygov.org/acclaimweb
SC,"Charleston County, SC","Liens, Probates, Pre-Foreclosures, Bankruptcy, and Divorce",https://jcmsweb.charlestoncounty.org/PublicIndex/PISearch.aspx
SC,"Richland County, SC","Liens, Probates, Pre-Foreclosures, Bankruptcy, and Divorce",https://publicindex.sccourts.org/Richland/PublicIndex/PISearch.aspx
SC,"Greenville, SC","Liens, Probates, Pre-Foreclosures, Bankruptcy, and Divorce",https://www2.greenvillecounty.org/SCJD/PublicIndex/PISearch.aspx
TN,"Chattanooga, TN",Code Violation,https://data.chattlibrary.org/login
TN,"Nashville, TN",Code Violation,https://datanashvillegov-nashville.hub.arcgis.com/datasets/038de0cf3d35435c8c563b731265c036_0/explore?location=36.196825%2C-86.774164%2C11.34
TX,"Fort Worth, TX",Code Violation,https://data.fortworthtexas.gov/Property-Data/Code-Violations/spnu-bq4u/about_data
TX,"Austin, TX",Code Violation,https://data.austintexas.gov/Public-Safety/Austin-Code-Complaint-Cases/6wtj-zbtb
TX,"San Antonio, TX",Code Violation,https://aca.sanantonio.gov/CitizenAccess/Cap/CapHome.aspx?module=Code&TabName=Code&TabList=Home%7C0%7CLandDevelopment%7C1%7CBuilding%7C2%7CProfile%7C3%7CFire%7C4%7CCode%7C5%7CCurrentTabIndex%7C5
TX,"Harris County, TX",Probates,https://www.cclerk.hctx.net/applications/websearch/CourtSearch.aspx?CaseType=Probate
TX,"Fort Bend County, TX","Liens, Probates, Pre-Foreclosures, Bankruptcy, and Divorce",https://tylerpaw.fortbendcountytx.gov/PublicAccess/Search.aspx?ID=200
TX,"McAllen, TX","Liens, Probates, Pre-Foreclosures, Bankruptcy, and Divorce",https://pa.co.hidalgo.tx.us/Search.aspx?ID=900
VA,"Virginia Beach, VA",Code Violation,https://gis.data.vbgov.com/datasets/a47f8ef0dd894d07a6e5f6af3e1ee351_0/about
VA,"Fairfax County, VA",Code Violation,https://plus.fairfaxcounty.gov/CitizenAccess/Cap/CapHome.aspx?module=Enforcement&TabName=Enforcement&TabList=Home%7C0%7CBuilding%7C1%7CEnforcement%7C2%7CEnvHealth%7C3%7CFire%7C4%7CPlanning%7C5%7CSite%7C6%7CZoning%7C7%7CProffer%7C8%7CCurrentTabIndex%7C2
VA,"Fairfax, VA",Fire Damaged Properties,https://plus.fairfaxcounty.gov/CitizenAccess/Cap/CapHome.aspx?module=Fire&TabName=Fire&TabList=Home%7C0%7CBuilding%7C1%7CEnforcement%7C2%7CEnvHealth%7C3%7CFire%7C4%7CPlanning%7C5%7CSite%7C6%7CZoning%7C7%7CProffer%7C8%7CCurrentTabIndex%7C4
VA,"Norfolk,VA","Liens, Probates, Pre-Foreclosures, Bankruptcy, and Divorce",https://data.norfolk.gov/browse?federation_filter=1370&limitTo=datasets&sortBy=most_accessed&utf8=%E2%9C%93&page=1&pageSize=20
VA,"Richmond, VA",Tax Delinquency,https://data.richmondgov.com/Well-Managed-Government/Delinquent-Real-Estate-Taxes-Six-Months-or-More-/83t5-hbac/about_data
WA,"Seattle, WA",Code Violation,https://data.seattle.gov/Built-Environment/Code-Complaints-and-Violations/ez4a-iug7/about_data
WI,"Milwaukee, WI",Tax Delinquency,https://city.milwaukee.gov/treasurer/DelinquentTaxAccount11810
FL,"Hillsborough County, FL","Liens, Probates, Pre-Foreclosures, Bankruptcy, and Divorce",https://publicaccess.hillsclerk.com/oripublicaccess/
TX,"San Antonio, TX",Foreclosures,https://bexar.tx.publicsearch.us/
MD,Maryland,Probates,https://registers.maryland.gov/RowNetWeb/Estates/frmEstateSearch2.aspx
OH,"Franklin County, OH",Probates,https://probate.franklincountyohio.gov/record-search/general-case-index
MA,Massachusetts,"Probates, Pre-Foreclosures, Etc.",https://www.masscourts.org/eservices/search.page.3?x=6zmoJNkDF8pfCqgdDc83eg
WI,WISCONSIN,All Court Records,https://wcca.wicourts.gov/courtOfficialCalendar.html
TX,"Tarrant County, TX",Probates,https://portal-txtarrant.tylertech.cloud/PublicAccess/default.aspx
TX,"Tarrant County, TX",Court Records,https://portal-txtarrant.tylertech.cloud/PublicAccess/default.aspx
IA,"Des Moines, IA",Court Records,https://landrecords.polkcountyiowa.gov/LandRecords/protected/SrchDateRange.aspx
CA,"Oakland, CA",Code Violation,https://aca-prod.accela.com/OAKLAND/Cap/CapHome.aspx?module=Enforcement&TabName=Enforcement
CO,"Colorado Springs, CO",Code Violation,https://aca-prod.accela.com/COSPRINGS/Cap/CapHome.aspx?module=Enforcement&TabName=Enforcement
FL,"Pinellas County, FL",Code Violation,https://aca-prod.accela.com/PINELLAS/Cap/CapHome.aspx?module=Enforcement&TabName=Enforcement
FL,"Lee County, FL",Code Violation,https://aca-prod.accela.com/LEECO/Cap/CapHome.aspx?module=CodeEnforcement&TabName=Home
CA,"San Diego, CA",Code Violation,https://aca-prod.accela.com/SANDIEGO/Cap/CapHome.aspx?module=CE&TabName=Home
WI,"Milwaukee, WI",Code Violation,https://aca-prod.accela.com/MILWAUKEE/Cap/CapHome.aspx?module=Enforcement&TabName=Home
NM,"Bernalillo County, NM",Code Violation,https://aca-prod.accela.com/BERNCO/Cap/CapHome.aspx?module=Enforcement&TabName=Enforcement
AZ,"Mesa, AZ",Code Violation,https://aca-prod.accela.com/MESA/Cap/CapHome.aspx?module=Enforcement&TabName=Enforcement
KY,"Hopkinsville, KY",Code Violation,https://aca-prod.accela.com/HOPKINSVILLE/Cap/CapHome.aspx?module=Enforcement&TabName=Enforcement
OK,"Oklahoma City, OK",Fire Damaged Properties,https://access.okc.gov/aca/Cap/CapHome.aspx?module=Fire&TabName=Fire
FL,"Brevard County, FL","Liens, Probates, Pre-Foreclosures, Bankruptcy, and Divorce",https://vaclmweb1.brevardclerk.us/AcclaimWeb/
WA,"Chelan County, WA","Liens, Probates, Pre-Foreclosures, Bankruptcy, and Divorce",https://acclaim.co.chelan.wa.us/acclaimweb
NJ,"Hudson County, NJ","Liens, Probates, Pre-Foreclosures, Bankruptcy, and Divorce",https://acclaim.hcnj.us/AcclaimWeb/
OK,"Tulsa County, OK","Liens, Probates, Pre-Foreclosures, Bankruptcy, and Divorce",https://acclaim.tulsacounty.org/AcclaimWeb
NV,"Clark County, NV","Liens, Probates, Pre-Foreclosures, Bankruptcy, and Divorce",https://recorderecomm.clarkcountynv.gov/AcclaimWeb/
MS,"DeSoto County, MS","Liens, Probates, Pre-Foreclosures, Bankruptcy, and Divorce",https://landrecords.desotocountyms.gov/AcclaimWeb
NV,"Reno/Washoe County, NV","Liens, Probates, Pre-Foreclosures, Bankruptcy, and Divorce",https://portal-nvreno.tylertech.cloud/PublicAccess/default.aspx
NC,North Carolina,Court Records,https://portal-nc.tylertech.cloud/Portal/
TX,"Parker County, TX",Probates,https://portal-txparker.tylertech.cloud/PublicAccess/default.aspx
ID,Idaho,Court Records,https://portal-idaho.tylertech.cloud/odysseyportal
MD,"Prince Georges County, MD",Code Violation,https://data.princegeorgescountymd.gov/Urban-Planning/Housing-Inspection-Violations/9hyf-46qb/data
NY,"New York City, NY","Liens, Probates, Pre-Foreclosures, Bankruptcy, and Divorce",https://data.cityofnewyork.us/Housing-Development/Housing-Maintenance-Code-Violations/wvxf-dwi5
IL,"Cook County, IL",Tax Delinquency,https://www.cookcountyclerkil.gov/property-taxes/delinquent-property-tax-search
NC,"Mecklenburg County, NC",Tax Delinquency,https://tax.mecknc.gov/services/Delinquent-Taxpayer-Lists
GA,"Cobb County, GA",Tax Delinquency,https://www.cobbtax.gov/property/delinquent_taxes/index.php
MO,"Jackson County, MO",Tax Delinquency,https://www.16thcircuit.org/delinquent-land-tax
PA,"Cumberland County, PA",Tax Delinquency,https://www.cumberlandcountypa.gov/2279/Delinquent-Real-Estate-Tax-Database
TX,"Dallas, TX",Code Violation,https://www.dallasopendata.com/Services/Code-Violations/rxtg-hf3r/about_data
AZ,"Phoenix, AZ",Code Violation,https://www.phoenixopendata.com/dataset/code-violations
CA,"Sacramento, CA",Code Violation,https://data.cityofsacramento.org/datasets/code-enforcement-cases
OH,"Cincinnati, OH",Code Violation,https://data.cincinnati-oh.gov/Thriving-Neighborhoods/Code-Enforcement-Complaints/4cjh-bm3t/about_data
MN,"Minneapolis, MN",Code Violation,https://opendata.minneapolismn.gov/datasets/inspections-orders-and-violations
CO,"Denver, CO",Code Violation,https://www.denvergov.org/opendata/dataset/city-and-county-of-denver-code-violations
AZ,"Tucson, AZ",Code Violation,https://gisdata.tucsonaz.gov/datasets/code-enforcement-cases
NC,"Charlotte, NC",Code Violation,https://data.charlottenc.gov/datasets/code-enforcement-cases
TN,"Memphis, TN",Code Violation,https://data.memphistn.gov/Neighborhoods/Code-Enforcement-Violations/ggdg-evy7/about_data
TX,"El Paso, TX",Code Violation,https://opendata.elpasotexas.gov/datasets/code-enforcement-cases
MI,"Detroit, MI",Code Violation,https://data.detroitmi.gov/datasets/blight-violations
VA,"Arlington County, VA",Code Violation,https://data.arlingtonva.us/datasets/code-enforcement-cases
WA,"Spokane, WA",Code Violation,https://my.spokanecity.org/opendata/datasets/code-enforcement-cases
NE,"Omaha, NE",Code Violation,https://opendata.cityofomaha.org/datasets/code-enforcement-complaints
NV,"Las Vegas, NV",Code Violation,https://opendata.lasvegasnevada.gov/datasets/code-enforcement-cases
UT,"Salt Lake City, UT",Code Violation,https://opendata.utah.gov/datasets/salt-lake-code-enforcement
AK,"Anchorage, AK",Code Violation,https://opendata.arcgis.com/datasets/code-enforcement-cases-anchorage
CA,"Los Angeles, CA",Probates,https://www.lacourt.org/casesummary/ui/
TX,"Harris County, TX",Probates,https://www.cclerk.hctx.net/applications/websearch/CourtSearch.aspx?CaseType=Probate
FL,"Orange County, FL",Probates,https://myeclerk.myorangeclerk.com/cases/search
GA,"Fulton County, GA",Probates,https://www.fultoncourt.org/probate/
IL,"Cook County, IL",Probates,https://courtlink.cookcountyclerkofcourt.org/Search/SearchTypeU.aspx
PA,"Philadelphia County, PA",Probates,https://fjdefile.phila.gov/efsfjd/zk_fjd_public_qry_00.zp_main_idx
AZ,"Maricopa County, AZ",Probates,https://apps.superiorcourt.maricopa.gov/publicaccess/default.aspx
WA,"King County, WA",Probates,https://dja-prd-ecexap2.kingcounty.gov/Superior/Civil/search
MI,"Wayne County, MI",Probates,https://cmspublic.3rdcc.org/default.aspx
MO,"St. Louis County, MO",Probates,https://www.stlcountycourts.com/CaseNet/default.aspx
TN,"Shelby County, TN",Probates,https://www.shelbytnfis.com/webportal
NC,"Wake County, NC",Probates,https://www.wakegov.com/departments-government/wake-county-register-of-deeds
OR,"Multnomah County, OR",Probates,https://www.oregoncourts.gov/records/
CO,"Denver County, CO",Probates,https://www.courts.state.co.us/dockets/index.cfm
NV,"Clark County, NV",Probates,https://lvjcpa.clarkcountynv.gov/Anonymous/default.aspx
FL,"Broward County, FL",Foreclosures,https://broward.realforeclose.com/
FL,"Hillsborough County, FL",Foreclosures,https://hillsborough.realforeclose.com/
FL,"Orange County, FL",Foreclosures,https://orange.realforeclose.com/
FL,"Palm Beach County, FL",Foreclosures,https://palmbeach.realforeclose.com/
FL,"Duval County, FL",Foreclosures,https://duval.realforeclose.com/
FL,"Pinellas County, FL",Foreclosures,https://pinellas.realforeclose.com/
FL,"Polk County, FL",Foreclosures,https://polk.realforeclose.com/
FL,"Volusia County, FL",Foreclosures,https://volusia.realforeclose.com/
FL,"Osceola County, FL",Foreclosures,https://osceola.realforeclose.com/
FL,"Sarasota County, FL",Foreclosures,https://sarasota.realforeclose.com/
FL,"Collier County, FL",Foreclosures,https://collier.realforeclose.com/
FL,"Pasco County, FL",Foreclosures,https://pasco.realforeclose.com/
GA,Georgia,Foreclosures,https://www.foreclosureradar.com/foreclosures/GA
CA,"San Bernardino County, CA","Liens, Probates, Pre-Foreclosures, Bankruptcy, and Divorce",https://www.sbcounty.gov/assessor/wp-content/uploads/sites/7/2024/08/parcel-search.html
TX,"Travis County, TX","Liens, Probates, Pre-Foreclosures, Bankruptcy, and Divorce",https://records.traviscountytx.gov/Public/Search.aspx
TX,"Bexar County, TX","Liens, Probates, Pre-Foreclosures, Bankruptcy, and Divorce",https://bexar.tx.publicsearch.us/
TX,"Collin County, TX","Liens, Probates, Pre-Foreclosures, Bankruptcy, and Divorce",https://collincountytx.publicsearch.us/
TX,"Denton County, TX","Liens, Probates, Pre-Foreclosures, Bankruptcy, and Divorce",https://dentoncounty.tx.publicsearch.us/
TX,"Williamson County, TX","Liens, Probates, Pre-Foreclosures, Bankruptcy, and Divorce",https://williamson.tx.publicsearch.us/
CO,"El Paso County, CO","Liens, Probates, Pre-Foreclosures, Bankruptcy, and Divorce",https://recording.elpasoco.com/PublicRecords/Search.aspx
CO,"Jefferson County, CO","Liens, Probates, Pre-Foreclosures, Bankruptcy, and Divorce",https://jeffco.us/1429/Property-Records-Search
GA,"DeKalb County, GA","Liens, Probates, Pre-Foreclosures, Bankruptcy, and Divorce",https://dekalbcountyga.gov/recorder/deed-records
GA,"Gwinnett County, GA","Liens, Probates, Pre-Foreclosures, Bankruptcy, and Divorce",https://gwinnettcounty.com/web/gwinnett/departments/courtsandlaw/superiorcourtclerkofcourts
TN,"Davidson County, TN","Liens, Probates, Pre-Foreclosures, Bankruptcy, and Divorce",https://www.nashville.gov/departments/register-of-deeds
OH,"Cuyahoga County, OH","Liens, Probates, Pre-Foreclosures, Bankruptcy, and Divorce",https://recorder.cuyahogacounty.us/search
OH,"Hamilton County, OH","Liens, Probates, Pre-Foreclosures, Bankruptcy, and Divorce",https://www.hamiltoncountyrecorder.com/searchrecord.aspx
MN,"Hennepin County, MN","Liens, Probates, Pre-Foreclosures, Bankruptcy, and Divorce",https://www.hennepin.us/property/land-records/land-records-search
WI,"Dane County, WI","Liens, Probates, Pre-Foreclosures, Bankruptcy, and Divorce",https://www.countyofdane.com/register-of-deeds
AZ,"Pima County, AZ","Liens, Probates, Pre-Foreclosures, Bankruptcy, and Divorce",https://pimacountyaz-web.tylerhost.net/web/search/DOCSEARCH55S8
TX,"San Antonio, TX",Code Violation,https://data-sa.opendata.arcgis.com/datasets/code-enforcement-cases
AZ,"Scottsdale, AZ",Code Violation,https://opendata.arcgis.com/datasets/scottsdale-code-enforcement-cases
CA,"Riverside County, CA",Code Violation,https://hub.arcgis.com/datasets/riverside-code-enforcement
NC,"Durham, NC",Code Violation,https://data.durhamnc.gov/datasets/code-enforcement-cases
VA,"Richmond, VA",Code Violation,https://data.richmondgov.com/datasets/code-enforcement-cases
FL,"Jacksonville, FL",Code Violation,https://www.coj.net/departments/neighborhoods/citizen-action-center
CA,"San Jose, CA",Code Violation,https://data.sanjoseca.gov/datasets/code-enforcement-cases
TX,"Plano, TX",Code Violation,https://data.plano.gov/datasets/code-enforcement-complaints
MD,"Baltimore, MD",Code Violation,https://sdat.dat.maryland.gov/RealProperty/Pages/default.aspx
OH,"Cleveland, OH",Code Violation,https://data.clevelandohio.gov/datasets/code-enforcement-violations
PA,"Pittsburgh, PA",Code Violation,https://data.wprdc.org/dataset/pli-violations
MI,"Detroit, MI",Code Violation,https://data.detroitmi.gov/datasets/detroit-blight-violations
MO,"St. Louis, MO",Code Violation,https://www.stlouis-mo.gov/data/datasets/code-violations.cfm
IN,"Gary, IN",Code Violation,https://data.in.gov/dataset/code-enforcement-violations-gary
AL,"Birmingham, AL",Code Violation,https://www.birminghamal.gov/departments/neighborhood-services/code-enforcement
LA,"Baton Rouge, LA",Code Violation,https://data.brla.gov/Housing-and-Land-Use/Code-Enforcement/i4ni-tkzx/about_data
TX,"Harris County, TX",Tax Delinquency,https://www.hctax.net/Property/DelinquentTax
AZ,"Maricopa County, AZ",Tax Delinquency,https://treasurer.maricopa.gov/parcel-taxes/tax-lien-sale
FL,"Miami-Dade County, FL",Tax Delinquency,https://www.miamidade.gov/taxcollector/tax-certificate.asp
NJ,New Jersey,Tax Delinquency,https://www.njleg.state.nj.us/Bills/2022/PL22/48_.HTM
SC,"Richland County, SC",Tax Delinquency,https://www.richlandcountysc.gov/Departments/Treasurer/Delinquent-Taxes
GA,"Fulton County, GA",Tax Delinquency,https://www.fultoncountyga.gov/services/taxes/delinquent-tax-list
LA,"Orleans Parish, LA",Tax Delinquency,https://sfno.org/tax-sale
MS,Mississippi,Tax Delinquency,https://www.ms.gov/dor/prop_tax/delinquent_property_tax.jsp
IN,"Indianapolis, IN",Tax Delinquency,https://www.indy.gov/agency/department-of-code-enforcement
KS,Kansas,Tax Delinquency,https://www.ksrevenue.gov/prsaleprop.html
FL,"Alachua County, FL",Foreclosures,https://alachua.realforeclose.com/
FL,"Baker County, FL",Foreclosures,https://baker.realforeclose.com/
FL,"Bay County, FL",Foreclosures,https://bay.realforeclose.com/
FL,"Bradford County, FL",Foreclosures,https://bradford.realforeclose.com/
FL,"Brevard County, FL",Foreclosures,https://brevard.realforeclose.com/
FL,"Calhoun County, FL",Foreclosures,https://calhoun.realforeclose.com/
FL,"Charlotte County, FL",Foreclosures,https://charlotte.realforeclose.com/
FL,"Citrus County, FL",Foreclosures,https://citrus.realforeclose.com/
FL,"Clay County, FL",Foreclosures,https://clay.realforeclose.com/
FL,"Columbia County, FL",Foreclosures,https://columbia.realforeclose.com/
FL,"DeSoto County, FL",Foreclosures,https://desoto.realforeclose.com/
FL,"Dixie County, FL",Foreclosures,https://dixie.realforeclose.com/
FL,"Escambia County, FL",Foreclosures,https://escambia.realforeclose.com/
FL,"Flagler County, FL",Foreclosures,https://flagler.realforeclose.com/
FL,"Franklin County, FL",Foreclosures,https://franklin.realforeclose.com/
FL,"Gadsden County, FL",Foreclosures,https://gadsden.realforeclose.com/
FL,"Gilchrist County, FL",Foreclosures,https://gilchrist.realforeclose.com/
FL,"Glades County, FL",Foreclosures,https://glades.realforeclose.com/
FL,"Gulf County, FL",Foreclosures,https://gulf.realforeclose.com/
FL,"Hamilton County, FL",Foreclosures,https://hamilton.realforeclose.com/
FL,"Hardee County, FL",Foreclosures,https://hardee.realforeclose.com/
FL,"Hendry County, FL",Foreclosures,https://hendry.realforeclose.com/
FL,"Hernando County, FL",Foreclosures,https://hernando.realforeclose.com/
FL,"Highlands County, FL",Foreclosures,https://highlands.realforeclose.com/
FL,"Holmes County, FL",Foreclosures,https://holmes.realforeclose.com/
FL,"Indian River County, FL",Foreclosures,https://indianriver.realforeclose.com/
FL,"Jackson County, FL",Foreclosures,https://jackson.realforeclose.com/
FL,"Jefferson County, FL",Foreclosures,https://jefferson.realforeclose.com/
FL,"Lafayette County, FL",Foreclosures,https://lafayette.realforeclose.com/
FL,"Lake County, FL",Foreclosures,https://lake.realforeclose.com/
FL,"Lee County, FL",Foreclosures,https://lee.realforeclose.com/
FL,"Leon County, FL",Foreclosures,https://leon.realforeclose.com/
FL,"Levy County, FL",Foreclosures,https://levy.realforeclose.com/
FL,"Liberty County, FL",Foreclosures,https://liberty.realforeclose.com/
FL,"Madison County, FL",Foreclosures,https://madison.realforeclose.com/
FL,"Manatee County, FL",Foreclosures,https://manatee.realforeclose.com/
FL,"Marion County, FL",Foreclosures,https://marion.realforeclose.com/
FL,"Martin County, FL",Foreclosures,https://martin.realforeclose.com/
FL,"Miami-Dade County, FL",Foreclosures,https://miamidade.realforeclose.com/
FL,"Monroe County, FL",Foreclosures,https://monroe.realforeclose.com/
FL,"Nassau County, FL",Foreclosures,https://nassau.realforeclose.com/
FL,"Okaloosa County, FL",Foreclosures,https://okaloosa.realforeclose.com/
FL,"Okeechobee County, FL",Foreclosures,https://okeechobee.realforeclose.com/
FL,"Orange County, FL",Foreclosures,https://orange.realforeclose.com/
FL,"Putnam County, FL",Foreclosures,https://putnam.realforeclose.com/
FL,"Santa Rosa County, FL",Foreclosures,https://santarosa.realforeclose.com/
FL,"St. Johns County, FL",Foreclosures,https://stjohns.realforeclose.com/
FL,"St. Lucie County, FL",Foreclosures,https://stlucie.realforeclose.com/
FL,"Sumter County, FL",Foreclosures,https://sumter.realforeclose.com/
FL,"Suwannee County, FL",Foreclosures,https://suwannee.realforeclose.com/
FL,"Taylor County, FL",Foreclosures,https://taylor.realforeclose.com/
FL,"Union County, FL",Foreclosures,https://union.realforeclose.com/
FL,"Wakulla County, FL",Foreclosures,https://wakulla.realforeclose.com/
FL,"Walton County, FL",Foreclosures,https://walton.realforeclose.com/
FL,"Washington County, FL",Foreclosures,https://washington.realforeclose.com/
TX,"Harris County, TX","Liens, Probates, Pre-Foreclosures, Bankruptcy, and Divorce",https://harris.tx.publicsearch.us/
TX,"Dallas County, TX","Liens, Probates, Pre-Foreclosures, Bankruptcy, and Divorce",https://dallas.tx.publicsearch.us/
TX,"Tarrant County, TX","Liens, Probates, Pre-Foreclosures, Bankruptcy, and Divorce",https://tarrant.tx.publicsearch.us/
TX,"Travis County, TX","Liens, Probates, Pre-Foreclosures, Bankruptcy, and Divorce",https://travis.tx.publicsearch.us/
TX,"Collin County, TX","Liens, Probates, Pre-Foreclosures, Bankruptcy, and Divorce",https://collin.tx.publicsearch.us/
TX,"Denton County, TX","Liens, Probates, Pre-Foreclosures, Bankruptcy, and Divorce",https://denton.tx.publicsearch.us/
TX,"El Paso County, TX","Liens, Probates, Pre-Foreclosures, Bankruptcy, and Divorce",https://elpaso.tx.publicsearch.us/
TX,"Hidalgo County, TX","Liens, Probates, Pre-Foreclosures, Bankruptcy, and Divorce",https://hidalgo.tx.publicsearch.us/
TX,"Williamson County, TX","Liens, Probates, Pre-Foreclosures, Bankruptcy, and Divorce",https://williamson.tx.publicsearch.us/
TX,"Cameron County, TX","Liens, Probates, Pre-Foreclosures, Bankruptcy, and Divorce",https://cameron.tx.publicsearch.us/
TX,"Nueces County, TX","Liens, Probates, Pre-Foreclosures, Bankruptcy, and Divorce",https://nueces.tx.publicsearch.us/
TX,"Montgomery County, TX","Liens, Probates, Pre-Foreclosures, Bankruptcy, and Divorce",https://montgomery.tx.publicsearch.us/
TX,"Lubbock County, TX","Liens, Probates, Pre-Foreclosures, Bankruptcy, and Divorce",https://lubbock.tx.publicsearch.us/
TX,"Webb County, TX","Liens, Probates, Pre-Foreclosures, Bankruptcy, and Divorce",https://webb.tx.publicsearch.us/
TX,"Jefferson County, TX","Liens, Probates, Pre-Foreclosures, Bankruptcy, and Divorce",https://jefferson.tx.publicsearch.us/
TX,"McLennan County, TX","Liens, Probates, Pre-Foreclosures, Bankruptcy, and Divorce",https://mclennan.tx.publicsearch.us/
TX,"Smith County, TX","Liens, Probates, Pre-Foreclosures, Bankruptcy, and Divorce",https://smith.tx.publicsearch.us/
TX,"Brazoria County, TX","Liens, Probates, Pre-Foreclosures, Bankruptcy, and Divorce",https://brazoria.tx.publicsearch.us/
TX,"Galveston County, TX","Liens, Probates, Pre-Foreclosures, Bankruptcy, and Divorce",https://galveston.tx.publicsearch.us/
TX,"Fort Bend County, TX","Liens, Probates, Pre-Foreclosures, Bankruptcy, and Divorce",https://fortbend.tx.publicsearch.us/
GA,"Fulton County, GA",Foreclosures,https://www.fultoncountyga.gov/services/sheriff/real-estate-foreclosure-sales
GA,"DeKalb County, GA",Foreclosures,https://www.dekalbsheriff.org/real-estate-sales
GA,"Gwinnett County, GA",Foreclosures,https://www.gwinnettcounty.com/web/gwinnett/departments/sheriff/realestate
GA,"Cobb County, GA",Foreclosures,https://www.cobbsheriff.org/divisions/civil/real-estate-sales
GA,"Clayton County, GA",Foreclosures,https://www.claytoncountyga.gov/government/sheriff/real-estate-sales
GA,"Chatham County, GA",Foreclosures,https://www.chathamcounty.org/Government/Sheriff/Real-Estate-Sales
GA,"Cherokee County, GA",Foreclosures,https://www.cherokeega.com/sheriff/real-estate-sales/
GA,"Hall County, GA",Foreclosures,https://www.hallcounty.org/440/Real-Estate-Sales
GA,"Henry County, GA",Foreclosures,https://www.henrycountyga.gov/1100/Real-Estate-Sales
GA,"Richmond County, GA",Foreclosures,https://www.augustaga.gov/2058/Real-Estate-Sales
OH,"Cuyahoga County, OH",Foreclosures,https://oh-cuyahoga-sheriff.civicplus.com/276/Real-Estate-Foreclosures
OH,"Franklin County, OH",Foreclosures,https://sheriff.franklincountyohio.gov/Real-Estate/Sheriff-Sales
OH,"Hamilton County, OH",Foreclosures,https://www.hcso.org/index.cfm/real-estate/sheriff-sales/
OH,"Summit County, OH",Foreclosures,https://www.sheriff.summitoh.net/index.php/sheriff-sales
OH,"Lucas County, OH",Foreclosures,https://www.lucascountyohio.gov/Sheriff/Real-Estate-Sales
OH,"Montgomery County, OH",Foreclosures,https://www.sheriff.montcounty.org/real-estate-sales
OH,"Stark County, OH",Foreclosures,https://www.sheriff.co.stark.oh.us/real-estate/
OH,"Lorain County, OH",Foreclosures,https://www.loraincountysheriff.com/real-estate-sales/
OH,"Butler County, OH",Foreclosures,https://www.butlersheriff.org/services/real-estate
OH,"Lake County, OH",Foreclosures,https://www.lakecountyohio.gov/sheriff/real-estate-sales/
MI,"Wayne County, MI",Tax Delinquency,https://www.waynecounty.com/elected/treasurer/foreclosure.aspx
MI,"Oakland County, MI",Tax Delinquency,https://www.oakgov.com/treasurer/Pages/tax-foreclosure.aspx
MI,"Macomb County, MI",Tax Delinquency,https://www.macombgov.org/treasurer-property-tax-foreclosure
MI,"Kent County, MI",Tax Delinquency,https://www.accesskent.com/Departments/Treasurer/taxForeclosure.htm
MI,"Genesee County, MI",Tax Delinquency,https://www.geneseecounty.com/Tax-Foreclosures
MI,"Ingham County, MI",Tax Delinquency,https://www.ingham.org/Treasurer/PropertyTaxForeclosure.htm
MI,"Washtenaw County, MI",Tax Delinquency,https://www.washtenaw.org/2100/Tax-Foreclosure
AZ,"Maricopa County, AZ",Foreclosures,https://recorder.maricopa.gov/recdocdata/
AZ,"Pima County, AZ",Foreclosures,https://recorder.pima.gov/public-search/
AZ,"Pinal County, AZ",Foreclosures,https://recorder.pinalcountyaz.gov/RecorderPro/PublicSearch
AZ,"Yavapai County, AZ",Foreclosures,https://www.yavapaiaz.gov/recorder/Property-Records-Search
AZ,"Mohave County, AZ",Foreclosures,https://apps.mohavecounty.us/recorder/
AZ,"Coconino County, AZ",Foreclosures,https://www.coconino.az.gov/recorder
NV,"Clark County, NV",Foreclosures,https://clark.nv.publicsearch.us/
NV,"Washoe County, NV",Foreclosures,https://www.washoecounty.gov/assessor/
NV,"Clark County, NV",Code Violation,https://www.clarkcountynv.gov/government/departments/code_enforcement/index.php
NC,"Mecklenburg County, NC",Foreclosures,https://www.mecknc.gov/LUESA/CodeEnforcement/Pages/Home.aspx
NC,"Wake County, NC",Foreclosures,https://www.wakegov.com/departments-government/sheriff/divisions/civil-division
NC,"Guilford County, NC",Foreclosures,https://www.guilfordcountync.gov/our-county/sheriff/real-estate-sales
NC,"Forsyth County, NC",Foreclosures,https://www.forsyth.cc/sheriff/real-estate.aspx
NC,"Durham County, NC",Foreclosures,https://www.dconc.gov/county-departments/departments-f-z/sheriff-s-office/civil-process
NC,"Cumberland County, NC",Foreclosures,https://www.co.cumberland.nc.us/county-government/county-departments/sheriff/real-estate-sales
NC,"Buncombe County, NC",Foreclosures,https://www.buncombecounty.org/governing/depts/sheriff/real-estate.aspx
NC,"Gaston County, NC",Foreclosures,https://www.gastonsheriff.org/civil/civil-process/real-estate-sales
SC,"Richland County, SC",Foreclosures,https://www.richlandsheriff.net/287/Real-Estate-Sales
SC,"Charleston County, SC",Foreclosures,https://www.charlestoncounty.org/departments/master-in-equity/sales.php
SC,"Greenville County, SC",Foreclosures,https://www.greenvillecounty.org/apps/ForeclosureSales/
SC,"Spartanburg County, SC",Foreclosures,https://www.spartanburgcounty.org/1066/Foreclosure-Sales
SC,"Lexington County, SC",Foreclosures,https://www.lex-co.com/departments/judicial-services/master-in-equity/sales-list
SC,"York County, SC",Foreclosures,https://www.yorkcountygov.com/749/Foreclosure-Sales
IL,"Cook County, IL",Foreclosures,https://www.cookcountysheriff.org/courts/real-estate-sales/
IL,"DuPage County, IL",Foreclosures,https://www.dupage.org/Sheriff/Real-Estate.php
IL,"Lake County, IL",Foreclosures,https://lakecountyil.gov/1564/Real-Estate-Sales
IL,"Will County, IL",Foreclosures,https://www.willcountyillinois.com/Government/Sheriff/Civil-Division/Real-Estate-Sales
IL,"Kane County, IL",Foreclosures,https://www.countyofkane.org/Sheriff/Pages/Real-Estate-Sales.aspx
IL,"Peoria County, IL",Foreclosures,https://www.peoriacounty.org/sheriff/real-estate-sales
PA,"Philadelphia County, PA",Foreclosures,https://phillysheriff.com/real-estate-sales.html
PA,"Allegheny County, PA",Foreclosures,https://www.alleghenycounty.us/real-estate/sheriff-sales.aspx
PA,"Montgomery County, PA",Foreclosures,https://www.montcopa.org/1303/Sheriff-Sales
PA,"Chester County, PA",Foreclosures,https://www.chesco.org/1559/Sheriff-Sales
PA,"Delaware County, PA",Foreclosures,https://www.co.delaware.pa.us/sheriff/realestate.html
PA,"Bucks County, PA",Foreclosures,https://www.buckscounty.gov/government/rowoffices/sheriffsoffice/sheriffsales
PA,"Lancaster County, PA",Foreclosures,https://www.co.lancaster.pa.us/489/Real-Estate
PA,"Luzerne County, PA",Foreclosures,https://www.luzernecounty.org/government/row-offices/sheriff/real-estate-sales
NJ,"Essex County, NJ",Foreclosures,https://www.essexsheriff.com/real-estate-sales
NJ,"Hudson County, NJ",Foreclosures,https://www.hcsheriff.gov/real-estate-sales
NJ,"Middlesex County, NJ",Foreclosures,https://www.middlesexcountynj.gov/government/departments/sheriff-s-office/real-estate-sales
NJ,"Passaic County, NJ",Foreclosures,https://www.passaicsheriff.com/real-estate-sales
NJ,"Union County, NJ",Foreclosures,https://sheriff.ucnj.org/real-estate
NJ,"Bergen County, NJ",Foreclosures,https://www.bergenso.org/real-estate-sales
NJ,"Camden County, NJ",Foreclosures,https://www.camdensheriff.org/real-estate-sales
NJ,"Ocean County, NJ",Foreclosures,https://www.oceansheriff.org/real-estate-sales
NJ,"Monmouth County, NJ",Foreclosures,https://www.mcsheriff.org/real-estate-sales
NJ,"Burlington County, NJ",Foreclosures,https://www.bcso-nj.org/real-estate-sales
VA,"Fairfax County, VA",Foreclosures,https://www.fairfaxcounty.gov/circuit/land-records-search
VA,"Prince William County, VA",Foreclosures,https://www.pwcgov.org/government/courts/circuit-court-clerk/pages/land-records.aspx
VA,"Loudoun County, VA",Foreclosures,https://www.loudoun.gov/2070/Land-Records
VA,"Chesterfield County, VA",Foreclosures,https://www.chesterfield.gov/1400/Land-Records
VA,"Henrico County, VA",Foreclosures,https://henrico.us/services/land-records/
MD,"Montgomery County, MD",Foreclosures,https://www.montgomerycountymd.gov/circuit-court/foreclosure.html
MD,"Prince Georges County, MD",Foreclosures,https://www.princegeorgescountymd.gov/2024/Foreclosures
MD,"Baltimore County, MD",Foreclosures,https://www.baltimorecountymd.gov/departments/courts/foreclosure.html
MD,"Howard County, MD",Foreclosures,https://www.howardcountymd.gov/circuit-court/foreclosure
MD,"Anne Arundel County, MD",Foreclosures,https://www.aacounty.org/departments/circuit-court/foreclosure
IN,"Marion County, IN",Foreclosures,https://www.indy.gov/agency/office-of-corporation-counsel/foreclosure-listings
IN,"Lake County, IN",Foreclosures,https://www.lakecountyin.org/sheriff/real-estate-sales
IN,"Allen County, IN",Foreclosures,https://www.allencountysheriff.org/real-estate-sales
IN,"St. Joseph County, IN",Foreclosures,https://www.stjocogov.com/sheriff/real-estate-sales
WI,"Milwaukee County, WI",Foreclosures,https://county.milwaukee.gov/EN/Sheriff/Foreclosure-Sales
WI,"Dane County, WI",Foreclosures,https://www.danecounty.gov/government/sheriff/real-estate-foreclosure-sales
WI,"Waukesha County, WI",Foreclosures,https://www.waukeshacounty.gov/sheriff/real-estate-sales/
MN,"Hennepin County, MN",Foreclosures,https://www.hennepin.us/sheriff/civil-process/sheriff-sales
MN,"Ramsey County, MN",Foreclosures,https://www.ramseycounty.us/sheriff/real-estate-sales
MN,"Dakota County, MN",Foreclosures,https://www.co.dakota.mn.us/Government/PublicSafety/Sheriff/Pages/sales.aspx
MN,"Anoka County, MN",Foreclosures,https://www.anokacounty.us/315/Sheriff-Sales
CO,"Denver County, CO",Foreclosures,https://www.denvergov.org/Government/Agencies-Departments-Offices/Agencies-Departments-Offices-Directory/Public-Trustee
CO,"Jefferson County, CO",Foreclosures,https://jeffco.us/sheriff/real-estate-sales
CO,"Arapahoe County, CO",Foreclosures,https://www.arapahoegov.com/1490/Foreclosure-Sales
CO,"Adams County, CO",Foreclosures,https://www.adcogov.org/public-trustee
CO,"El Paso County, CO",Foreclosures,https://www.elpasoco.com/public-trustee/
CO,"Larimer County, CO",Foreclosures,https://www.larimer.org/publictrustee
CO,"Boulder County, CO",Foreclosures,https://www.bouldercounty.org/property-and-land/land-use/public-trustee/
CO,"Weld County, CO",Foreclosures,https://www.weldgov.com/departments/public-trustee
CO,"Douglas County, CO",Foreclosures,https://www.douglas.co.us/public-trustee/
WA,"King County, WA",Foreclosures,https://kingcounty.gov/courts/superior-court/clerk/foreclosures.aspx
WA,"Pierce County, WA",Foreclosures,https://www.co.pierce.wa.us/index.aspx?NID=375
WA,"Snohomish County, WA",Foreclosures,https://snohomishcountywa.gov/2005/Foreclosure-Sales
WA,"Spokane County, WA",Foreclosures,https://www.spokanecounty.org/1034/Real-Estate-Foreclosures
WA,"Clark County, WA",Foreclosures,https://clark.wa.gov/auditor/recording-foreclosures
WA,"Kitsap County, WA",Foreclosures,https://www.kitsapgov.com/sheriff/Pages/civil.aspx
CA,"Los Angeles County, CA",Tax Delinquency,https://ttc.lacounty.gov/avoid-penalties-by-understanding-postmarks/
CA,"Los Angeles County, CA","Liens, Probates, Pre-Foreclosures, Bankruptcy, and Divorce",https://www.lavote.gov/recorder/recorderd.htm
CA,"Orange County, CA","Liens, Probates, Pre-Foreclosures, Bankruptcy, and Divorce",https://www.ocrecorder.com/services/land-records-search
CA,"Riverside County, CA","Liens, Probates, Pre-Foreclosures, Bankruptcy, and Divorce",https://riverside.publicsearch.us/
CA,"San Diego County, CA","Liens, Probates, Pre-Foreclosures, Bankruptcy, and Divorce",https://arcc.sdcounty.ca.gov/
CA,"Sacramento County, CA","Liens, Probates, Pre-Foreclosures, Bankruptcy, and Divorce",https://www.assessor.saccounty.gov/Pages/document-search.aspx
CA,"Contra Costa County, CA","Liens, Probates, Pre-Foreclosures, Bankruptcy, and Divorce",https://contracostarecorder.com/
CA,"Alameda County, CA","Liens, Probates, Pre-Foreclosures, Bankruptcy, and Divorce",https://acgov.org/auditor/clerk-recorder/recording.htm
CA,"Fresno County, CA","Liens, Probates, Pre-Foreclosures, Bankruptcy, and Divorce",https://www.co.fresno.ca.us/departments/assessor-recorder
CA,"Kern County, CA","Liens, Probates, Pre-Foreclosures, Bankruptcy, and Divorce",https://www.kerncounty.com/government/assessor-recorder
CA,"San Joaquin County, CA","Liens, Probates, Pre-Foreclosures, Bankruptcy, and Divorce",https://www.sjgov.org/assessorrecorder/
CA,"Stanislaus County, CA","Liens, Probates, Pre-Foreclosures, Bankruptcy, and Divorce",https://www.stancounty.com/acr/
CA,"Merced County, CA","Liens, Probates, Pre-Foreclosures, Bankruptcy, and Divorce",https://www.co.merced.ca.us/assessor
KY,"Jefferson County, KY",Code Violation,https://data.louisvilleky.gov/datasets/code-enforcement-inspections
MO,"St. Louis, MO","Liens, Probates, Pre-Foreclosures, Bankruptcy, and Divorce",https://www.stlcountycourts.com/CaseNet/default.aspx
AR,"Pulaski County, AR",Foreclosures,https://pulaskiclerkar.gov/news-events/auction-notices/
MS,"Hinds County, MS","Liens, Probates, Pre-Foreclosures, Bankruptcy, and Divorce",https://www.co.hinds.ms.us/pgs/chancery_clerk.asp
AL,"Jefferson County, AL",Foreclosures,https://jeffersoncountysheriffsoffice.com/departments/civil-process/real-estate-sales
AL,"Mobile County, AL",Foreclosures,https://www.mobileso.com/real-estate-sales
AL,"Madison County, AL",Foreclosures,https://sheriff.madisonal.gov/real-estate-sales
KY,"Fayette County, KY",Foreclosures,https://www.lexingtonsheriff.com/real-estate-sales
KY,"Jefferson County, KY",Foreclosures,https://www.loumetsheriff.gov/services/civil/real-estate-sales
TN,"Hamilton County, TN",Foreclosures,https://www.hamiltontn.gov/sheriff/real-estate.aspx
TN,"Knox County, TN",Foreclosures,https://www.knoxsheriff.org/real-estate-sales
TN,"Rutherford County, TN",Foreclosures,https://www.rutherfordsheriff.org/real-estate-sales
OK,"Oklahoma County, OK",Foreclosures,https://www.oklahomacounty.org/sheriff/real-estate-sales
OK,"Tulsa County, OK",Foreclosures,https://www.tulsacounty.org/sheriff/real-estate-sales
NM,"Bernalillo County, NM",Foreclosures,https://www.bernalillosheriff.com/foreclosure-sales
UT,"Salt Lake County, UT",Foreclosures,https://www.slcounty.org/sheriff/real-estate-sales
UT,"Utah County, UT",Foreclosures,https://www.utahcountyonline.org/Dept/sheriff/real-estate-sales.asp
ID,"Ada County, ID",Foreclosures,https://www.adacounty.id.gov/Sheriff/Civil-Division/Real-Estate-Sales
MT,"Yellowstone County, MT",Foreclosures,https://www.co.yellowstone.mt.gov/sheriff/real-estate-sales
NE,"Douglas County, NE",Foreclosures,https://www.omaha.com/sheriff/real-estate-sales
NE,"Lancaster County, NE",Foreclosures,https://www.lancaster.ne.gov/sheriff/real-estate-sales
KS,"Johnson County, KS",Foreclosures,https://www.jocosheriff.org/real-estate-sales
KS,"Sedgwick County, KS",Foreclosures,https://www.sedgwickcounty.org/sheriff/real-estate-sales
IA,"Polk County, IA",Foreclosures,https://www.polksheriff.org/real-estate-sales
IA,"Linn County, IA",Foreclosures,https://www.linncounty.org/sheriff/real-estate-sales
SD,"Minnehaha County, SD",Foreclosures,https://www.minnehahacounty.org/dept/sr/sheriff.php
ND,"Cass County, ND",Foreclosures,https://www.casscountynd.gov/county/depts/sheriff/real-estate